INSERT INTO BRIGADE
(ID,BRIGADIER_ID,OPERATION_ID)
VALUES
(1, 11, 1)
/
INSERT INTO BRIGADE
(ID,BRIGADIER_ID,OPERATION_ID)
VALUES
(2, 13, 2)
/
INSERT INTO BRIGADE
(ID,BRIGADIER_ID,OPERATION_ID)
VALUES
(3, 15, 3)
/


INSERT INTO POSITION 
(ID,NAME,WORK_TYPE,ATTRIBUTE_ID)
VALUES
(1, 'ENGINEER', 'TECH', 1)
/
INSERT INTO POSITION 
(ID,NAME,WORK_TYPE,ATTRIBUTE_ID)
VALUES
(2, 'TECHNOLOGIST', 'TECH', 2)
/
INSERT INTO POSITION 
(ID,NAME,WORK_TYPE,ATTRIBUTE_ID)
VALUES
(3, 'TECHNICAN', 'TECH', 3)
/
INSERT INTO POSITION 
(ID,NAME,WORK_TYPE,ATTRIBUTE_ID)
VALUES
(4, 'WELDER', 'LABOR', 4)
/
INSERT INTO POSITION 
(ID,NAME,WORK_TYPE,ATTRIBUTE_ID)
VALUES
(5, 'ASSEMBLER', 'LABOR', 5)
/
INSERT INTO POSITION 
(ID,NAME,WORK_TYPE,ATTRIBUTE_ID)
VALUES
(6, 'PAINTER', 'LABOR', 6)
/
INSERT INTO POSITION 
(ID,NAME,WORK_TYPE,ATTRIBUTE_ID)
VALUES
(7, 'TESTER', 'TESTER', 7)
/


INSERT INTO POSITION_ATTRIBUTE 
(ID,NAME,VALUE)
VALUES
(1, 'EXPERIENCE', '5')
/
INSERT INTO POSITION_ATTRIBUTE 
(ID,NAME,VALUE)
VALUES
(2, 'RATING', '4')
/
INSERT INTO POSITION_ATTRIBUTE 
(ID,NAME,VALUE)
VALUES
(3, 'GRADE', '2')
/
INSERT INTO POSITION_ATTRIBUTE 
(ID,NAME,VALUE)
VALUES
(4, 'POWER', '7')
/
INSERT INTO POSITION_ATTRIBUTE 
(ID,NAME,VALUE)
VALUES
(5, 'CLEVER', '78')
/
INSERT INTO POSITION_ATTRIBUTE 
(ID,NAME,VALUE)
VALUES
(6, 'KARMA', '99')
/
INSERT INTO POSITION_ATTRIBUTE 
(ID,NAME,VALUE)
VALUES
(7, 'TESTINGLVL', '80')
/


INSERT INTO PRODUCT 
(ID,NAME,TYPE_ID,ATTRIBUTE_ID)
VALUES
(1, 'Nissan Qashqai', 1, 1)
/
INSERT INTO PRODUCT 
(ID,NAME,TYPE_ID,ATTRIBUTE_ID)
VALUES
(2, 'Ford Fusion', 2, 2)
/
INSERT INTO PRODUCT 
(ID,NAME,TYPE_ID,ATTRIBUTE_ID)
VALUES
(3, 'MAZ-5278', 3, 3)
/
INSERT INTO PRODUCT 
(ID,NAME,TYPE_ID,ATTRIBUTE_ID)
VALUES
(4, 'PAZ-678M', 4, 4)
/
INSERT INTO PRODUCT 
(ID,NAME,TYPE_ID,ATTRIBUTE_ID)
VALUES
(5, 'BELARUS-MT', 5, 5)
/
INSERT INTO PRODUCT 
(ID,NAME,TYPE_ID,ATTRIBUTE_ID)
VALUES
(6, 'SUZUKI-FLTR', 6, 6)
/


INSERT INTO PRODUCT_ATTRIBUTE 
(ID, NAME, VALUE)
VALUES
(1, 'FUEL CONSUMPTION', '10')
/
INSERT INTO PRODUCT_ATTRIBUTE 
(ID, NAME, VALUE)
VALUES
(2, 'FUEL CONSUMPTION', '15')
/
INSERT INTO PRODUCT_ATTRIBUTE 
(ID, NAME, VALUE)
VALUES
(3, 'CAPACITY', '26')
/
INSERT INTO PRODUCT_ATTRIBUTE 
(ID, NAME, VALUE)
VALUES
(4, 'ROOMINESS', '20')
/
INSERT INTO PRODUCT_ATTRIBUTE 
(ID, NAME, VALUE)
VALUES
(5, 'POWER', '400')
/
INSERT INTO PRODUCT_ATTRIBUTE 
(ID, NAME, VALUE)
VALUES
(6, 'MAX SPEED', '300')
/


INSERT INTO PRODUCT_TYPE 
(ID,NAME,MODEL,WORKSHOP_ID)
VALUES
(1, 'CAR', 'CROSSOVER', 1)
/
INSERT INTO PRODUCT_TYPE 
(ID,NAME,MODEL,WORKSHOP_ID)
VALUES
(2, 'CAR', 'SEDAN', 1)
/
INSERT INTO PRODUCT_TYPE 
(ID,NAME,MODEL,WORKSHOP_ID)
VALUES
(3, 'TRUCK', 'GOODS', 1)
/
INSERT INTO PRODUCT_TYPE 
(ID,NAME,MODEL,WORKSHOP_ID)
VALUES
(4, 'BUS', 'LITTLE', 1)
/
INSERT INTO PRODUCT_TYPE 
(ID,NAME,MODEL,WORKSHOP_ID)
VALUES
(5, 'TRACTOR', 'FIELD', 2)
/
INSERT INTO PRODUCT_TYPE 
(ID,NAME,MODEL,WORKSHOP_ID)
VALUES
(6, 'MOTO', 'SPEED', 2)
/


INSERT INTO SECTOR 
(ID,NAME,SECTOR_CHIEF_ID,MASTER_ID,WORKSHOP_ID)
VALUES
(1, 'SECTOR1', 3, 6, 1)
/
INSERT INTO SECTOR 
(ID,NAME,SECTOR_CHIEF_ID,MASTER_ID,WORKSHOP_ID)
VALUES
(2, 'SECTOR2', 4, 8, 2)
/
INSERT INTO SECTOR 
(ID,NAME,SECTOR_CHIEF_ID,MASTER_ID,WORKSHOP_ID)
VALUES
(3, 'SECTOR3', 5, 9, 2)
/


INSERT INTO SECTOR_OPERATION 
(ID,NAME,OP_PRODUCT_ID,START_DATE,END_DATE,SECTOR_ID,BRIGADE_ID)
VALUES
(1,'PAINTING',1,TO_DATE('21.04.2014','dd.mm.yyyy'),TO_DATE('23.07.2014','dd.mm.yyyy'),1,1)
/
INSERT INTO SECTOR_OPERATION 
(ID,NAME,OP_PRODUCT_ID,START_DATE,END_DATE,SECTOR_ID,BRIGADE_ID)
VALUES
(2,'WELDING',1,TO_DATE('24.07.2014','dd.mm.yyyy'),TO_DATE('05.08.2014','dd.mm.yyyy'),2,2)
/
INSERT INTO SECTOR_OPERATION 
(ID,NAME,OP_PRODUCT_ID,START_DATE,SECTOR_ID,BRIGADE_ID)
VALUES
(3,'ASSEMBLY',1,TO_DATE('10.08.2014','dd.mm.yyyy'),3,3)
/
INSERT INTO SECTOR_OPERATION 
(ID,NAME,OP_PRODUCT_ID,START_DATE,END_DATE,SECTOR_ID,BRIGADE_ID)
VALUES
(4,'PAINTING',2,TO_DATE('01.01.2014','dd.mm.yyyy'),TO_DATE('25.02.2014','dd.mm.yyyy'),1,1)
/
INSERT INTO SECTOR_OPERATION 
(ID,NAME,OP_PRODUCT_ID,START_DATE,END_DATE,SECTOR_ID,BRIGADE_ID)
VALUES
(5,'WELDING',3,TO_DATE('05.04.2014','dd.mm.yyyy'),TO_DATE('25.06.2014','dd.mm.yyyy'),2,2)
/
INSERT INTO SECTOR_OPERATION 
(ID,NAME,OP_PRODUCT_ID,START_DATE,END_DATE,SECTOR_ID,BRIGADE_ID)
VALUES
(6,'ASSEMBLY',4,TO_DATE('09.11.2014','dd.mm.yyyy'),TO_DATE('25.02.2015','dd.mm.yyyy'),3,3)
/
INSERT INTO SECTOR_OPERATION 
(ID,NAME,OP_PRODUCT_ID,START_DATE,END_DATE,SECTOR_ID,BRIGADE_ID)
VALUES
(7,'ASSEMBLY',5,TO_DATE('09.03.2015','dd.mm.yyyy'),TO_DATE('13.03.2015','dd.mm.yyyy'),3,3)
/
INSERT INTO SECTOR_OPERATION 
(ID,NAME,OP_PRODUCT_ID,START_DATE,END_DATE,SECTOR_ID,BRIGADE_ID)
VALUES
(8,'WELDING',6,TO_DATE('05.04.2015','dd.mm.yyyy'),TO_DATE('25.06.2015','dd.mm.yyyy'),2,2)
/
INSERT INTO SECTOR_OPERATION 
(ID,NAME,OP_PRODUCT_ID,START_DATE,SECTOR_ID,BRIGADE_ID)
VALUES
(9,'ASSEMBLY',6,TO_DATE('26.06.2015','dd.mm.yyyy'),3,3)
/


INSERT INTO TEST 
(ID,NAME,TEST_PRODUCT_ID,START_DATE,END_DATE,TEST_TOOL,TEST_LAB_ID)
VALUES
(1, 'STRENGTH', 1, TO_DATE('24.07.2014','dd.mm.yyyy'), TO_DATE('25.07.2014','dd.mm.yyyy'), 'TOOL1', 1)
/
INSERT INTO TEST 
(ID,NAME,TEST_PRODUCT_ID,START_DATE,END_DATE,TEST_TOOL,TEST_LAB_ID)
VALUES
(2, 'QUALITY', 2, TO_DATE('27.07.2014','dd.mm.yyyy'), TO_DATE('29.07.2014','dd.mm.yyyy'), 'TOOL2', 1)
/
INSERT INTO TEST 
(ID,NAME,TEST_PRODUCT_ID,START_DATE,TEST_TOOL,TEST_LAB_ID)
VALUES
(3, 'EFFICIENCY', 3, TO_DATE('24.04.2015','dd.mm.yyyy'), 'TOOL3', 2)
/
INSERT INTO TEST 
(ID,NAME,TEST_PRODUCT_ID,START_DATE,END_DATE,TEST_TOOL,TEST_LAB_ID)
VALUES
(4, 'STRENGTH', 4, TO_DATE('28.11.2014','dd.mm.yyyy'), TO_DATE('24.02.2015','dd.mm.yyyy'), 'TOOL1', 1)
/
INSERT INTO TEST 
(ID,NAME,TEST_PRODUCT_ID,START_DATE,TEST_TOOL,TEST_LAB_ID)
VALUES
(5, 'QUALITY', 5, TO_DATE('04.12.2015','dd.mm.yyyy'), 'TOOL2', 1)
/
INSERT INTO TEST 
(ID,NAME,TEST_PRODUCT_ID,START_DATE,END_DATE,TEST_TOOL,TEST_LAB_ID)
VALUES
(6, 'EFFICIENCY', 6, TO_DATE('27.08.2015','dd.mm.yyyy'), TO_DATE('29.08.2015','dd.mm.yyyy'),  'TOOL3', 2)
/
INSERT INTO TEST 
(ID,NAME,TEST_PRODUCT_ID,START_DATE,END_DATE,TEST_TOOL,TEST_LAB_ID)
VALUES
(7, 'EFFICIENCY', 5, TO_DATE('01.09.2015','dd.mm.yyyy'), TO_DATE('20.09.2015','dd.mm.yyyy'),  'TOOL3', 2)
/
INSERT INTO TEST 
(ID,NAME,TEST_PRODUCT_ID,START_DATE,TEST_TOOL,TEST_LAB_ID)
VALUES
(8, 'EFFICIENCY', 4, TO_DATE('24.09.2015','dd.mm.yyyy'),  'TOOL3', 2)
/


INSERT INTO TEST_LAB 
(ID,NAME)
VALUES
(1, 'LAB1')
/
INSERT INTO TEST_LAB 
(ID,NAME)
VALUES
(2, 'LAB2')
/


INSERT INTO WORKER
(ID,FIRST_NAME,LAST_NAME,START_DATE,POSITION_ID)
VALUES
(1,'Homer', 'Simpson', TO_DATE('23.05.1996','dd.mm.yyyy'), 1)
/
INSERT INTO WORKER
(ID,FIRST_NAME,LAST_NAME,START_DATE,POSITION_ID)
VALUES
(2,'Ned', 'Flanders', TO_DATE('21.03.1999','dd.mm.yyyy'), 2)
/
INSERT INTO WORKER
(ID,FIRST_NAME,LAST_NAME,START_DATE,POSITION_ID)
VALUES
(3,'Kent', 'Brockman', TO_DATE('14.02.2001','dd.mm.yyyy'), 3)
/
INSERT INTO WORKER
(ID,FIRST_NAME,LAST_NAME,START_DATE,POSITION_ID)
VALUES
(4,'Barney', 'Gumble', TO_DATE('23.08.1998','dd.mm.yyyy'), 1)
/
INSERT INTO WORKER
(ID,FIRST_NAME,LAST_NAME,START_DATE,POSITION_ID)
VALUES
(5,'Cletus', 'Spuckler', TO_DATE('06.05.2003','dd.mm.yyyy'), 2)
/
INSERT INTO WORKER
(ID,FIRST_NAME,LAST_NAME,START_DATE,POSITION_ID)
VALUES
(6,'Moe', 'Szyslak', TO_DATE('03.12.2005','dd.mm.yyyy'), 3)
/
INSERT INTO WORKER
(ID,FIRST_NAME,LAST_NAME,START_DATE,POSITION_ID)
VALUES
(7,'Ralph', 'Wiggum', TO_DATE('01.01.2015','dd.mm.yyyy'), 1)
/
INSERT INTO WORKER
(ID,FIRST_NAME,LAST_NAME,START_DATE,POSITION_ID)
VALUES
(8,'Montgomery', 'Burns', TO_DATE('14.01.2012','dd.mm.yyyy'), 2)
/
INSERT INTO WORKER
(ID,FIRST_NAME,LAST_NAME,START_DATE,POSITION_ID)
VALUES
(9,'Selma', 'Bouvier', TO_DATE('12.12.2012','dd.mm.yyyy'), 3)
/
INSERT INTO WORKER
(ID,FIRST_NAME,LAST_NAME,START_DATE,POSITION_ID)
VALUES
(10,'Jasper', 'Beardly', TO_DATE('08.11.2001','dd.mm.yyyy'), 1)
/
INSERT INTO WORKER
(ID,FIRST_NAME,LAST_NAME,START_DATE,POSITION_ID,BRIGADE_ID)
VALUES
(11,'Aristotle', 'Amadopolis', TO_DATE('28.11.2011','dd.mm.yyyy'), 4, 1)
/
INSERT INTO WORKER
(ID,FIRST_NAME,LAST_NAME,START_DATE,POSITION_ID,BRIGADE_ID)
VALUES
(12,'Edna', 'Krabappel', TO_DATE('04.06.2010','dd.mm.yyyy'), 5, 1)
/
INSERT INTO WORKER
(ID,FIRST_NAME,LAST_NAME,START_DATE,POSITION_ID,BRIGADE_ID)
VALUES
(13,'Dan', 'Castellaneta', TO_DATE('07.11.2001','dd.mm.yyyy'), 6, 2)
/
INSERT INTO WORKER
(ID,FIRST_NAME,LAST_NAME,START_DATE,POSITION_ID,BRIGADE_ID)
VALUES
(14,'Lenny', 'Leonard', TO_DATE('08.01.2009','dd.mm.yyyy'), 4, 2)
/
INSERT INTO WORKER
(ID,FIRST_NAME,LAST_NAME,START_DATE,POSITION_ID,BRIGADE_ID)
VALUES
(15,'Otto', 'Mann', TO_DATE('03.05.2002','dd.mm.yyyy'), 5, 3)
/
INSERT INTO WORKER
(ID,FIRST_NAME,LAST_NAME,START_DATE,POSITION_ID,BRIGADE_ID)
VALUES
(16,'Martin', 'Prince', TO_DATE('05.09.2001','dd.mm.yyyy'), 6, 3)
/
INSERT INTO WORKER
(ID,FIRST_NAME,LAST_NAME,START_DATE,POSITION_ID,TEST_LAB_ID)
VALUES
(17,'Sideshow', 'Bob', TO_DATE('12.04.2006','dd.mm.yyyy'), 7, 1)
/
INSERT INTO WORKER
(ID,FIRST_NAME,LAST_NAME,START_DATE,POSITION_ID,TEST_LAB_ID)
VALUES
(18,'Waylon', 'Smithers', TO_DATE('18.11.2007','dd.mm.yyyy'), 7, 2)
/
INSERT INTO WORKER
(ID,FIRST_NAME,LAST_NAME,START_DATE,POSITION_ID,TEST_LAB_ID)
VALUES
(19,'Hank', 'Azaria', TO_DATE('12.11.2012','dd.mm.yyyy'), 7, 2)
/
INSERT INTO WORKER
(ID,FIRST_NAME,LAST_NAME,START_DATE,POSITION_ID,TEST_LAB_ID)
VALUES
(20,'Snake', 'Jailbird', TO_DATE('08.01.2000','dd.mm.yyyy'), 7, 1)
/


INSERT INTO WORKER_ATTRIBUTE 
(WORKER_ID,ATTRIBUTE_ID)
VALUES
(1, 1)
/
INSERT INTO WORKER_ATTRIBUTE 
(WORKER_ID,ATTRIBUTE_ID)
VALUES
(2, 2)
/
INSERT INTO WORKER_ATTRIBUTE 
(WORKER_ID,ATTRIBUTE_ID)
VALUES
(3, 3)
/
INSERT INTO WORKER_ATTRIBUTE 
(WORKER_ID,ATTRIBUTE_ID)
VALUES
(4, 1)
/
INSERT INTO WORKER_ATTRIBUTE 
(WORKER_ID,ATTRIBUTE_ID)
VALUES
(5, 2)
/
INSERT INTO WORKER_ATTRIBUTE 
(WORKER_ID,ATTRIBUTE_ID)
VALUES
(6, 3)
/
INSERT INTO WORKER_ATTRIBUTE 
(WORKER_ID,ATTRIBUTE_ID)
VALUES
(7, 1)
/
INSERT INTO WORKER_ATTRIBUTE 
(WORKER_ID,ATTRIBUTE_ID)
VALUES
(8, 2)
/
INSERT INTO WORKER_ATTRIBUTE 
(WORKER_ID,ATTRIBUTE_ID)
VALUES
(9, 3)
/
INSERT INTO WORKER_ATTRIBUTE 
(WORKER_ID,ATTRIBUTE_ID)
VALUES
(10, 1)
/
INSERT INTO WORKER_ATTRIBUTE 
(WORKER_ID,ATTRIBUTE_ID)
VALUES
(11, 4)
/
INSERT INTO WORKER_ATTRIBUTE 
(WORKER_ID,ATTRIBUTE_ID)
VALUES
(12, 5)
/
INSERT INTO WORKER_ATTRIBUTE 
(WORKER_ID,ATTRIBUTE_ID)
VALUES
(13, 6)
/
INSERT INTO WORKER_ATTRIBUTE 
(WORKER_ID,ATTRIBUTE_ID)
VALUES
(14, 4)
/
INSERT INTO WORKER_ATTRIBUTE 
(WORKER_ID,ATTRIBUTE_ID)
VALUES
(15, 5)
/
INSERT INTO WORKER_ATTRIBUTE 
(WORKER_ID,ATTRIBUTE_ID)
VALUES
(16, 6)
/
INSERT INTO WORKER_ATTRIBUTE 
(WORKER_ID,ATTRIBUTE_ID)
VALUES
(17, 7)
/
INSERT INTO WORKER_ATTRIBUTE 
(WORKER_ID,ATTRIBUTE_ID)
VALUES
(18, 7)
/
INSERT INTO WORKER_ATTRIBUTE 
(WORKER_ID,ATTRIBUTE_ID)
VALUES
(19, 7)
/
INSERT INTO WORKER_ATTRIBUTE 
(WORKER_ID,ATTRIBUTE_ID)
VALUES
(20, 7)
/


INSERT INTO WORKSHOP 
(ID, NAME, WORKSHOP_CHIEF_ID)
VALUES
(1, 'WORKSHOP1', 1)
/
INSERT INTO WORKSHOP 
(ID, NAME, WORKSHOP_CHIEF_ID)
VALUES
(2, 'WORKSHOP2', 2)
/


INSERT INTO WORKSHOP_TESTLAB 
(WORKSHOP_ID,TEST_LAB_ID)
VALUES
(1, 1)
/
INSERT INTO WORKSHOP_TESTLAB 
(WORKSHOP_ID,TEST_LAB_ID)
VALUES
(1, 2)
/
INSERT INTO WORKSHOP_TESTLAB 
(WORKSHOP_ID,TEST_LAB_ID)
VALUES
(2, 2)
/




